id,label,left_name,left_addr,left_city,left_phone,left_cc,left_class,right_name,right_addr,right_city,right_phone,right_cc,right_class
1,0,toulouse,' b peachtree rd. ',atlanta,404/351 -9533,french,92,` white house restaurant ',' 3172 peachtree rd. ne ',atlanta,404-237-7601,diners,719
2,0,` gallagher \ 's ',' 228 w. 52nd st. ',` new york ',212/245 -5336,american,254,` la grenouille ',' 3 e. 52nd st. ',` new york city ',212-752-1495,` french ( classic ) ',623
3,0,` center stage plaza hotel ',' 1 main st. ',` las vegas ',702/386 -2512,american,436,` chinois on main ',' 2709 main st. ',` santa monica ',310-392-9025,` pacific new wave ',5
4,0,` sa tsu ki ',' 3043 buford hwy . ',atlanta,404/325 -5285,asian,415,` havana sandwich shop ',' 2905 buford hwy . ',atlanta,404-636-4094,cuban,695
5,0,` pinot bistro ',' 12969 ventura blvd. ',` los angeles ',818/990 -0500,french,18,` mulberry st. ',' 17040 ventura blvd. ',encino,818-906-8881,pizza,580
6,0,` china grill ','60 w. 53rd st. ',` new york ',212/333 -7788,american,219,seryna,'11 e. 53rd st. ',` new york city ',212-980-9393,japanese,59
7,0,lespinasse,' 2 e. 55th st. ',` new york ',212/339 -6719,american,43,` la caravelle ','33 w. 55th st. ',` new york city ',212-586-4252,` french ( classic ) ',39
8,0,` tang pavillion ','65 w. 55th st. ',` new york ',212/956 -6888,asian,356,menchanko-tei,'39 w. 55th st. ',` new york city ',212-247-1585,japanese,627
9,0,aquavit,'13 w. 54th st. ',` new york ',212/307 -7311,continental,24,oceana,'55 e. 54th st. ',` new york city ',212-759-5941,seafood,50
10,0,abbey,' 163 ponce de leon ave. ',atlanta,404/876 -8532,international,379,eats,' 600 ponce de leon ave. ',atlanta,404-888-9149,italian,690
11,0,` fifty seven fifty seven ','57 e. 57th st. ',` new york ',212/758 -5757,american,239,oceana,'55 e. 54th st. ',` new york city ',212-759-5941,seafood,50
12,0,` grand cafe hotel monaco ',' 501 geary st. ',` san francisco ',415/292 -0101,american,473,` mel \ 's drive-in ',' 3355 geary st. ',` san francisco ',415-387-2244,hamburgers,739
13,0,` horseradish grill ',' 4320 powers ferry rd. ',atlanta,404/255 -7277,southern,398,` carey \ 's corner ',' 1215 powers ferry rd. ',marietta,770-933-0909,hamburgers,686
14,0,` luna si ',' 1931 peachtree rd. ',atlanta,404/355 -5993,continental,405,` original pancake house ( at ) ',' 4330 peachtree rd. ',atlanta,404-237-4116,american,708
15,0,bruno,' 240 e. 58th st. ',` new york ',212/688 -4190,italian,195,` les celebrites ',' 155 w. 58th st. ',` new york city ',212-484-5113,` french ( classic ) ',42
16,0,eclipse,' 8800 melrose ave. ',` los angeles ',310/724 -5959,californian,132,` mo better meatty meat ',' 7261 melrose ave. ',la,213-935-5280,hamburgers,579
17,0,` pacific dining car ',' 6th st. ',` los angeles ',213/483 -6000,american,153,` andre \ 's french restaurant ',' 401 s. 6th st. ',` las vegas ',702-385-5016,` french ( classic ) ',656
18,1,` rainbow room ','30 rockefeller plaza ',` new york ',212/632 -5000,` or 212/632 -5100 american ',55,` rainbow room ','30 rockefeller plaza ',` new york city ',212-632-5000,` american ( new ) ',55
19,1,` cafe claude ',' 7 claude la . ',` san francisco ',415/392 -3505,french,97,` cafe claude ',' 7 claude ln . ',` san francisco ',415-392-3505,` french bistro ',97
20,0,` yolie \ 's ',' 3900 paradise rd. ',` las vegas ',702/794 -0700,` steak houses ',452,` nicky blair \ 's ',' 3925 paradise rd. ',` las vegas ',702-792-9900,italian,668
21,0,` heera of india ',' 595 piedmont ave. rio shopping mall ',atlanta,404/876 -4408,asian,83,` rose of india ',' 308 e. sixth st. ',` new york city ',212-533-5011,indian,638
22,0,` l \ ` osteria del forno ',' 519 columbus ave. ',` san francisco ',415/982 -1124,italian,490,` campo santo ',' 240 columbus ave. ',` san francisco ',415-433-9623,mexican,724
23,0,` bertolini \ 's ',' 3570 las vegas blvd. s ',` las vegas ',702/735 -4663,italian,427,moongate,' 3400 las vegas blvd. s. ',` las vegas ',702-791-7352,chinese,666
24,0,maykadeh,' 470 green st. ',` san francisco ',415/362 -8286,` greek and middle eastern ',495,` greenwood \ 's ',' 1087 green st. ',roswell,770-992-5383,southern/soul,693
25,0,dawat,' 210 e. 58th st. ',` new york ',212/355 -7555,asian,32,petrossian,' 182 w. 58th st. ',` new york city ',212-245-2214,russian,52
26,0,` the bacchanal ',' 3570 las vegas blvd. s ',` las vegas ',702/731 -7525,` only in las vegas ',449,` steak house the ',' 2880 las vegas blvd. s. ',` las vegas ',702-734-0410,steakhouses,72
27,0,posto,' 14928 ventura blvd. ',` sherman oaks ',818/784 -4400,italian,156,` rubin \ 's red hots ',' 15322 ventura blvd. ',encino,818-905-6515,` hot dogs ',590
28,0,` antonio \ 's ',' 3700 w. flamingo ',` las vegas ',702/252 -7737,italian,423,` buzio \ 's in the rio ',' 3700 w. flamingo rd. ',` las vegas ',702-252-7697,seafood,658
29,0,` ruth \ 's chris ',' 148 w. 51st st. ',` new york ',212/245 -9600,american,338,` le bernardin ',' 155 w. 51st st. ',` new york city ',212-489-1515,seafood,41
30,0,` tommy tang \ 's ',' 7313 melrose ave. ',` los angeles ',213/937 -5733,asian,167,patina,' 5955 melrose ave. ',` los angeles ',213-467-1108,californian,16
31,0,` circus circus ',' 2880 las vegas blvd. s ',` las vegas ',702/734 -0410,buffets,437,` sterling brunch ',' 3645 las vegas blvd. s. ',` las vegas ',702-739-4651,eclectic,673
32,0,` l \ ` orangerie ',' 903 n. la cienega blvd. ',` los angeles ',310/652 -9770,french,11,matsuhisa,' 129 n. la cienega blvd. ',` beverly hills ',310-659-9639,seafood,14
33,0,vong,' 200 e. 54th st. ',` new york ',212/486 -9592,american,373,` sparks steak house ',' 210 e. 46th st. ',` new york city ',212-687-4855,steakhouses,641
34,0,` margarita \ 's mexican cantina ',' 3120 las vegas blvd. s ',` las vegas ',702/794 -8200,mexican,444,` steak house the ',' 2880 las vegas blvd. s. ',` las vegas ',702-734-0410,steakhouses,72
35,0,` dining room ritz-carlton buckhead ',' 3434 peachtree rd. ',atlanta,404/237 -2700,international,90,` palm the ( atlanta ) ',' 3391 peachtree rd. ne ',atlanta,404-814-1955,steakhouses,709
36,0,` dante \ 's down the hatch buckhead ',' 3380 peachtree rd. ',atlanta,404/266 -1600,continental,393,abruzzi,' 2355 peachtree rd. ne ',atlanta,404-261-8186,italian,74
37,0,helmand,' 430 broadway ',` san francisco ',415/362 -0641,` greek and middle eastern ',479,` la caridad ',' 2199 broadway ',` new york city ',212-874-2780,cuban,622
38,0,` ralph \ 's diner ',' 3000 las vegas blvd. s ',` las vegas ',702/732 -6330,` coffee shops/diners ',448,` tre visi ',' 3799 las vegas blvd. s. ',` las vegas ',702-891-7331,italian,674
39,0,` yoyo tsumami bistro ',' 1611 post st. ',` san francisco ',415/922 -7788,french,530,postrio,' 545 post st. ',` san francisco ',415-776-7825,californian,109
40,1,seryna,'11 e. 53rd st. ',` new york ',212/980 -9393,asian,59,seryna,'11 e. 53rd st. ',` new york city ',212-980-9393,japanese,59
41,0,` luna si ',' 1931 peachtree rd. ',atlanta,404/355 -5993,continental,405,` brookhaven cafe ',' 4274 peachtree rd. ',atlanta,404-231-5907,vegetarian,682
42,0,mikado,' 3400 las vegas blvd. s ',` las vegas ',702/791 -7111,asian,446,` monte carlo ',' 3145 las vegas blvd. s. ',` las vegas ',702-733-4524,` french ( new ) ',665
43,0,bistro,' 3400 las vegas blvd. s ',` las vegas ',702/791 -7111,continental,429,moongate,' 3400 las vegas blvd. s. ',` las vegas ',702-791-7352,chinese,666
44,0,` cafe fes ',' 246 w. 4th st. at charles st. ',` new york ',212/924 -7653,mediterranean,205,` cafe flore ',' 2298 market st. ',` san francisco ',415-621-8579,californian,722
45,0,mikado,' 3400 las vegas blvd. s ',` las vegas ',702/791 -7111,asian,446,` sterling brunch ',' 3645 las vegas blvd. s. ',` las vegas ',702-739-4651,eclectic,673
46,0,` pinot bistro ',' 12969 ventura blvd. ',` los angeles ',818/990 -0500,french,18,` rubin \ 's red hots ',' 15322 ventura blvd. ',encino,818-905-6515,` hot dogs ',590
47,1,` masa \ 's ',' 648 bush st. ',` san francisco ',415/989 -7154,french,106,` masa \ 's ',' 648 bush st. ',` san francisco ',415-989-7154,` french ( new ) ',106
48,0,'em press court ',' 3570 las vegas blvd. s ',` las vegas ',702/731 -7888,asian,438,` spago ( las vegas ) ',' 3500 las vegas blvd. s. ',` las vegas ',702-369-6300,californian,670
49,1,` mesa grill ',' 102 5th ave. between 15th and 16th sts . ',` new york ',212/807 -7400,american,47,` mesa grill ',' 102 fifth ave. ',` new york city ',212-807-7400,southwestern,47
50,0,` chin \ 's ',' 3200 las vegas blvd. s ',` las vegas ',702/733 -8899,asian,67,` michael \ 's ( las vegas ) ',' 3595 las vegas blvd. s. ',` las vegas ',702-737-7111,continental,664
51,0,patina,' 5955 melrose ave. ',` los angeles ',213/467 -1108,californian,16,` mo better meatty meat ',' 7261 melrose ave. ',la,213-935-5280,hamburgers,579
52,0,triangolo,' 345 e. 83rd st. ',` new york ',212/472 -4488,italian,363,` cafe lalo ',' 201 w. 83rd st. ',` new york city ',212-496-6031,coffeehouses,26
53,0,` gilliland \ 's ',' 2424 main st. ',` santa monica ',310/392 -3901,american,135,` chinois on main ',' 2709 main st. ',` santa monica ',310-392-9025,` pacific new wave ',5
54,1,` nikolai \ 's roof ',' 255 courtland st. at harris st. ',atlanta,404/221 -6362,continental,87,` nikolai \ 's roof ',' 255 courtland st. ',atlanta,404-221-6362,continental,87
55,0,dawat,' 210 e. 58th st. ',` new york ',212/355 -7555,asian,32,` sparks steak house ',' 210 e. 46th st. ',` new york city ',212-687-4855,steakhouses,641
56,1,` le bernardin ',' 155 w. 51st st. ',` new york ',212/489 -1515,french,41,` le bernardin ',' 155 w. 51st st. ',` new york city ',212-489-1515,seafood,41
57,0,faz,' 161 sutter st. ',` san francisco ',415/362 -0404,` greek and middle eastern ',469,` fleur de lys ',' 777 sutter st. ',` san francisco ',415-673-7779,` french ( new ) ',100
58,0,` veni vidi vici ','41 14th st. ',atlanta,404/875 -8424,italian,93,` bobby & june \ 's kountry kitchen ',' 375 14th st. ',atlanta,404-876-3872,southern/soul,680
59,0,mikado,' 3400 las vegas blvd. s ',` las vegas ',702/791 -7111,asian,446,` spago ( las vegas ) ',' 3500 las vegas blvd. s. ',` las vegas ',702-369-6300,californian,670
60,0,cite,' 120 w. 51st st. ',` new york ',212/956 -7100,french,220,` le bernardin ',' 155 w. 51st st. ',` new york city ',212-489-1515,seafood,41
61,1,oceana,'55 e. 54th st. ',` new york ',212/759 -5941,seafood,50,oceana,'55 e. 54th st. ',` new york city ',212-759-5941,seafood,50
62,0,toulouse,' b peachtree rd. ',atlanta,404/351 -9533,french,92,` original pancake house ( at ) ',' 4330 peachtree rd. ',atlanta,404-237-4116,american,708
63,0,` cafe roma ',' 3570 las vegas blvd. s ',` las vegas ',702/731 -7547,` coffee shops/diners ',433,` steak house the ',' 2880 las vegas blvd. s. ',` las vegas ',702-734-0410,steakhouses,72
64,0,manora,' 3226 mission st. ',` san francisco ',415/861 -6224,asian,494,boulevard,' 1 mission st. ',` san francisco ',415-543-6084,` american ( new ) ',96
65,0,` canter \ 's ',' 419 n. fairfax ave. ',` los angeles ',213/651 -2030 .,american,122,` carey \ 's ',' 1021 cobb pkwy . se ',marietta,770-422-8042,hamburgers,685
66,0,` hong kong villa ',' 2332 clement st. ',` san francisco ',415/752 -8833,asian,481,` alain rondelli ',' 126 clement st. ',` san francisco ',415-387-0408,` french ( new ) ',94
67,0,mikado,' 3400 las vegas blvd. s ',` las vegas ',702/791 -7111,asian,446,` coyote cafe ( las vegas ) ',' 3799 las vegas blvd. s. ',` las vegas ',702-891-7349,southwestern,68
68,0,` bertolini \ 's ',' 3570 las vegas blvd. s ',` las vegas ',702/735 -4663,italian,427,` sterling brunch ',' 3645 las vegas blvd. s. ',` las vegas ',702-739-4651,eclectic,673
69,0,helmand,' 430 broadway ',` san francisco ',415/362 -0641,` greek and middle eastern ',479,` gray \ 's papaya ',' 2090 broadway ',` new york city ',212-799-0243,` hot dogs ',614
70,0,` cafe roma ',' 3570 las vegas blvd. s ',` las vegas ',702/731 -7547,` coffee shops/diners ',433,moongate,' 3400 las vegas blvd. s. ',` las vegas ',702-791-7352,chinese,666
71,0,` jack \ 's ',' 615 sacramento st. ',` san francisco ',415/986 -9854,` old san francisco ',485,` joe \ 's ',' 1023 abbot kinney blvd. ',venice,310-399-5811,` american ( new ) ',560
72,0,` dining room ritz-carlton buckhead ',' 3434 peachtree rd. ',atlanta,404/237 -2700,international,90,` original pancake house ( at ) ',' 4330 peachtree rd. ',atlanta,404-237-4116,american,708
73,0,lutece,' 249 e. 50th st. ',` new york ',212/752 -2225,french,44,` lespinasse ( new york city ) ',' 2 e. 55th st. ',` new york city ',212-339-6719,asian,43
74,0,'em press court ',' 3570 las vegas blvd. s ',` las vegas ',702/731 -7888,asian,438,` madame ching \ 's ',' 3300 las vegas blvd. s. ',` las vegas ',702-894-7111,asian,662
75,0,` mary mac \ 's tea room ',' 224 ponce de leon ave. ',atlanta,404/876 -1800,southern,86,tortillas,' 774 ponce de leon ave. ne ',atlanta,404-892-0193,tex-mex,716
76,0,valentino,' 3115 pico blvd. ',` santa monica ',310/829 -4313,italian,21,` rae \ 's ',' 2901 pico blvd. ',` santa monica ',310-828-7937,diners,589
77,0,lulu,' 816 folsom st. ',` san francisco ',415/495 -5775,mediterranean,105,` hamburger mary \ 's ',' 1582 folsom st. ',` san francisco ',415-626-1985,hamburgers,732
78,0,tomtom,' 3393 peachtree rd. ',atlanta,404/264 -1163,continental,422,` white house restaurant ',' 3172 peachtree rd. ne ',atlanta,404-237-7601,diners,719
79,0,` broadway deli ',' 3rd st. promenade ',` santa monica ',310/451 -0616,american,117,` benita \ 's frites ',' 1433 third st. promenade ',` santa monica ',310-458-2889,` fast food ',538
80,0,bistro,' 3400 las vegas blvd. s ',` las vegas ',702/791 -7111,continental,429,'em eril \ 's new orleans fish house ',' 3799 las vegas blvd. s. ',` las vegas ',702-891-7374,seafood,659
81,0,` pano \ 's and paul \ 's ',' 1232 w. paces ferry rd. ',atlanta,404/261 -3662,international,88,canoe,' 4199 paces ferry rd. ',atlanta,770-432-2663,` american ( new ) ',684
82,0,tomtom,' 3393 peachtree rd. ',atlanta,404/264 -1163,continental,422,` ritz-carlton dining room ( buckhead ) ',' 3434 peachtree rd. ne ',atlanta,404-237-2700,` american ( new ) ',90
83,0,vong,' 200 e. 54th st. ',` new york ',212/486 -9592,american,373,` second street grill ',' 200 e. fremont st. ',` las vegas ',702-385-6277,` pacific rim ',71
84,0,` hedgerose heights inn ',' 490 e. paces ferry rd. ',atlanta,404/233 -7673,international,82,` pano \ 's & paul \ 's ',' 1232 w. paces ferry rd. ',atlanta,404-261-3662,` american ( new ) ',88
85,0,` ritz-carlton restaurant and dining room ',' 600 stockton st. ',` san francisco ',415/296 -7465,american,110,` ritz-carlton restaurant ',' 181 peachtree st. ',atlanta,404-659-0400,` french ( classic ) ',91
86,0,` cafe roma ',' 3570 las vegas blvd. s ',` las vegas ',702/731 -7547,` coffee shops/diners ',433,` morton \ 's of chicago ( las vegas ) ',' 3200 las vegas blvd. s. ',` las vegas ',702-893-0703,steakhouses,667
87,0,` fleur de jour ',' 348 e. 62nd st. ',` new york ',212/355 -2020,` coffee bar ',245,` fleur de lys ',' 777 sutter st. ',` san francisco ',415-673-7779,` french ( new ) ',100
88,0,` dix et sept ',' 181 w. 10th st. ',` new york ',212/645 -8023,french,228,petrossian,' 182 w. 58th st. ',` new york city ',212-245-2214,russian,52
89,0,` jimmy \ 's ',' 201 moreno dr. ',` los angeles ',310/552 -2394,continental,142,` tommy \ 's ',' 2575 beverly blvd. ',la,213-389-9060,hamburgers,598
90,0,petrossian,' 182 w. 58th st. ',` new york ',212/245 -2214,french,52,` les celebrites ',' 155 w. 58th st. ',` new york city ',212-484-5113,` french ( classic ) ',42
91,0,aqua,' 252 california st. ',` san francisco ',415/956 -9662,seafood,95,'em erald garden restaurant ',' 1550 california st. ',` san francisco ',415-673-1155,vietnamese,730
92,0,eclipse,' 8800 melrose ave. ',` los angeles ',310/724 -5959,californian,132,` sweet lady jane ',' 8360 melrose ave. ',la,213-653-7145,desserts,596
93,0,` dining room ritz-carlton buckhead ',' 3434 peachtree rd. ',atlanta,404/237 -2700,international,90,` la grotta ',' 2637 peachtree rd. ne ',atlanta,404-231-1368,italian,85
94,0,` victor \ 's cafe ','52 236 w. 52nd st. ',` new york ',212/586 -7714,` latin american ',371,'21 club ','21 w. 52nd st. ',` new york city ',212-582-7200,` american ( new ) ',23
95,0,` steak house ',' 2880 las vegas blvd. s ',` las vegas ',702/734 -0410,` steak houses ',72,` spago ( las vegas ) ',' 3500 las vegas blvd. s. ',` las vegas ',702-369-6300,californian,670
96,1,valentino,' 3115 pico blvd. ',` santa monica ',310/829 -4313,italian,21,valentino,' 3115 pico blvd. ',` santa monica ',310-829-4313,italian,21
97,0,` sarabeth \ 's kitchen ',' 423 amsterdam ave. between 80th and 81st sts . ',` new york ',212/496 -6280,american,344,` sarabeth \ 's ',' 1295 madison ave. ',` new york city ',212-410-7335,american,640
98,1,` river cafe ',' 1 water st. at the east river ',brooklyn,718/522 -5200,american,56,` river cafe ',' 1 water st. ',brooklyn,718-522-5200,` american ( new ) ',56
99,1,` la grotta ',' 2637 peachtree rd. . peachtree house condominium ',atlanta,404/231 -1368,italian,85,` la grotta ',' 2637 peachtree rd. ne ',atlanta,404-231-1368,italian,85
100,0,bistro,' 3400 las vegas blvd. s ',` las vegas ',702/791 -7111,continental,429,` steak house the ',' 2880 las vegas blvd. s. ',` las vegas ',702-734-0410,steakhouses,72
101,0,` ralph \ 's diner ',' 3000 las vegas blvd. s ',` las vegas ',702/732 -6330,` coffee shops/diners ',448,` spago ( las vegas ) ',' 3500 las vegas blvd. s. ',` las vegas ',702-369-6300,californian,670
102,0,'em press court ',' 3570 las vegas blvd. s ',` las vegas ',702/731 -7888,asian,438,` steak house the ',' 2880 las vegas blvd. s. ',` las vegas ',702-734-0410,steakhouses,72
103,0,` cafe bizou ',' 14016 ventura blvd. ',` sherman oaks ',818/788 -3536,french,3,` art \ 's deli ',' 12224 ventura blvd. ',` studio city ',818-762-1221,delis,1
104,1,` union square cafe ','21 e. 16th st. ',` new york ',212/243 -4020,american,65,` union square cafe ','21 e. 16th st. ',` new york city ',212-243-4020,` american ( new ) ',65
105,0,` taste of new orleans ',' 889 w. peachtree st. ',atlanta,404/874 -5535,southern,421,` ritz-carlton restaurant ',' 181 peachtree st. ',atlanta,404-659-0400,` french ( classic ) ',91
106,0,` taste of new orleans ',' 889 w. peachtree st. ',atlanta,404/874 -5535,southern,421,` alon \ 's at the terrace ',' 659 peachtree st. ',atlanta,404-724-0444,sandwiches,676
107,0,mikado,' 3400 las vegas blvd. s ',` las vegas ',702/791 -7111,asian,446,` morton \ 's of chicago ( las vegas ) ',' 3200 las vegas blvd. s. ',` las vegas ',702-893-0703,steakhouses,667
108,0,` chin \ 's ',' 3200 las vegas blvd. s ',` las vegas ',702/733 -8899,asian,67,` coyote cafe ( las vegas ) ',' 3799 las vegas blvd. s. ',` las vegas ',702-891-7349,southwestern,68
109,0,` l \ ` orangerie ',' 903 n. la cienega blvd. ',` los angeles ',310/652 -9770,french,11,` arnie morton \ 's of chicago ',' 435 s. la cienega blvd. ',` los angeles ',310-246-1501,steakhouses,0
110,0,` coyote cafe ',' 3799 las vegas blvd. s ',` las vegas ',702/891 -7349,southwestern,68,` steak house the ',' 2880 las vegas blvd. s. ',` las vegas ',702-734-0410,steakhouses,72
111,0,` bally \ 's big kitchen ',' 3645 las vegas blvd. s ',` las vegas ',702/739 -4111,buffets,424,` sterling brunch ',' 3645 las vegas blvd. s. ',` las vegas ',702-739-4651,eclectic,673
112,0,'em press court ',' 3570 las vegas blvd. s ',` las vegas ',702/731 -7888,asian,438,` michael \ 's ( las vegas ) ',' 3595 las vegas blvd. s. ',` las vegas ',702-737-7111,continental,664
113,0,posto,' 14928 ventura blvd. ',` sherman oaks ',818/784 -4400,italian,156,` cafe bizou ',' 14016 ventura blvd. ',` sherman oaks ',818-788-3536,` french bistro ',3
114,0,` island spice ',' 402 w. 44th st. ',` new york ',212/765 -1737,` tel caribbean ',37,` virgil \ 's real bbq ',' 152 w. 44th st. ',` new york city ',212-921-9494,bbq,66
115,0,` beesley \ 's of buckhead ',' 260 e. paces ferry road ',atlanta,404/264 -1334,continental,384,riviera,' 519 e. paces ferry rd. ',atlanta,404-262-7112,mediterranean,712
116,0,petrossian,' 182 w. 58th st. ',` new york ',212/245 -2214,french,52,march,' 405 e. 58th st. ',` new york city ',212-754-6272,` american ( new ) ',46
117,0,march,' 405 e. 58th st. ',` new york ',212/754 -6272,american,46,` wollensky \ 's grill ',' 205 e. 49th st. ',` new york city ',212-753-0444,steakhouses,653
118,0,tomtom,' 3393 peachtree rd. ',atlanta,404/264 -1163,continental,422,` palm the ( atlanta ) ',' 3391 peachtree rd. ne ',atlanta,404-814-1955,steakhouses,709
119,0,joss,' 9255 sunset blvd. ',` los angeles ',310/276 -1886,asian,143,` duke \ 's ',' 8909 sunset blvd. ',` w. hollywood ',310-652-3100,` coffee shops ',551
120,0,bistro,' 3400 las vegas blvd. s ',` las vegas ',702/791 -7111,continental,429,` buccaneer bay club ',' 3300 las vegas blvd. s. ',` las vegas ',702-894-7350,continental,657
121,0,` rose pistola ',' 532 columbus ave. ',` san francisco ',415/399 -0499,italian,111,` caffe greco ',' 423 columbus ave. ',` san francisco ',415-397-6261,continental,723
122,0,patina,' 5955 melrose ave. ',` los angeles ',213/467 -1108,californian,16,` le chardonnay ( los angeles ) ',' 8284 melrose ave. ',` los angeles ',213-655-8880,` french bistro ',12
123,0,` bertolini \ 's ',' 3570 las vegas blvd. s ',` las vegas ',702/735 -4663,italian,427,` michael \ 's ( las vegas ) ',' 3595 las vegas blvd. s. ',` las vegas ',702-737-7111,continental,664
124,0,` tang pavillion ','65 w. 55th st. ',` new york ',212/956 -6888,asian,356,` la cote basque ','60 w. 55th st. ',` new york city ',212-688-6525,` french ( classic ) ',40
125,0,` coyote cafe ',' 3799 las vegas blvd. s ',` las vegas ',702/891 -7349,southwestern,68,` chin \ 's ',' 3200 las vegas blvd. s. ',` las vegas ',702-733-8899,chinese,67
126,0,` dante \ 's down the hatch buckhead ',' 3380 peachtree rd. ',atlanta,404/266 -1600,continental,393,` brookhaven cafe ',' 4274 peachtree rd. ',atlanta,404-231-5907,vegetarian,682
127,0,` water club ',' 500 e. 30th st. ',` new york ',212/683 -3333,american,374,lutece,' 249 e. 50th st. ',` new york city ',212-752-2225,` french ( classic ) ',44
128,0,` cafe roma ',' 3570 las vegas blvd. s ',` las vegas ',702/731 -7547,` coffee shops/diners ',433,` madame ching \ 's ',' 3300 las vegas blvd. s. ',` las vegas ',702-894-7111,asian,662
129,0,` bone \ 's ',' 3130 piedmont road ',atlanta,404/237 -2663,american,76,soto,' 3330 piedmont rd. ',atlanta,404-233-2005,japanese,714
130,0,` l \ ` absinthe ',' 227 e. 67th st. ',` new york ',212/794 -4950,french,277,` cafe des artistes ',' 1 w. 67th st. ',` new york city ',212-877-3500,` french ( classic ) ',27
131,0,` luna si ',' 1931 peachtree rd. ',atlanta,404/355 -5993,continental,405,` white house restaurant ',' 3172 peachtree rd. ne ',atlanta,404-237-7601,diners,719
132,0,bruno,' 240 e. 58th st. ',` new york ',212/688 -4190,italian,195,march,' 405 e. 58th st. ',` new york city ',212-754-6272,` american ( new ) ',46
133,0,` carnival world ',' 3700 w. flamingo rd. ',` las vegas ',702/252 -7777,buffets,435,'till erman the ',' 2245 e. flamingo rd. ',` las vegas ',702-731-4036,steakhouses,73
134,0,` cafe bianco ',' 1486 2nd ave. between 77th and 78th sts . ',` new york ',212/988 -2655,` coffee bar ',199,` cafe blanc ',' 9777 little santa monica blvd. ',` beverly hills ',310-888-0108,` pacific new wave ',546
135,0,` palace court ',' 3570 las vegas blvd. s ',` las vegas ',702/731 -7547,continental,70,moongate,' 3400 las vegas blvd. s. ',` las vegas ',702-791-7352,chinese,666
136,0,` dante \ 's down the hatch buckhead ',' 3380 peachtree rd. ',atlanta,404/266 -1600,continental,393,` ritz-carlton dining room ( buckhead ) ',' 3434 peachtree rd. ne ',atlanta,404-237-2700,` american ( new ) ',90
137,0,` bugsy \ 's diner ',' 3555 las vegas blvd. s ',` las vegas ',702/733 -3111,` coffee shops/diners ',431,'em eril \ 's new orleans fish house ',' 3799 las vegas blvd. s. ',` las vegas ',702-891-7374,seafood,659
138,0,bolo,'23 e. 22nd st. ',` new york ',212/228 -2200,mediterranean,191,` la grenouille ',' 3 e. 52nd st. ',` new york city ',212-752-1495,` french ( classic ) ',623
139,0,` cafe roma ',' 3570 las vegas blvd. s ',` las vegas ',702/731 -7547,` coffee shops/diners ',433,` palace court ',' 3570 las vegas blvd. s. ',` las vegas ',702-731-7110,` french ( new ) ',70
140,0,felidia,' 243 e. 58th st. ',` new york ',212/758 -1479,italian,33,march,' 405 e. 58th st. ',` new york city ',212-754-6272,` american ( new ) ',46
141,0,tomtom,' 3393 peachtree rd. ',atlanta,404/264 -1163,continental,422,toulouse,' 293-b peachtree rd. ',atlanta,404-351-9533,` french ( new ) ',92
142,0,` hard rock cafe ',' 221 w. 57th st. ',` new york ',212/489 -6565,american,261,` edison cafe ',' 228 w. 47th st. ',` new york city ',212-840-5000,diners,611
143,1,` dining room ritz-carlton buckhead ',' 3434 peachtree rd. ',atlanta,404/237 -2700,international,90,` ritz-carlton dining room ( buckhead ) ',' 3434 peachtree rd. ne ',atlanta,404-237-2700,` american ( new ) ',90
144,1,` smith & wollensky ',' 201 e. 49th st. ',` new york ',212/753 -1530,american,62,` smith & wollensky ',' 797 third ave. ',` new york city ',212-753-1530,steakhouses,62
145,0,` matthew \ 's ',' 1030 3rd ave. at 61st st. ',` new york ',212/838 -4343,american,305,` masa \ 's ',' 648 bush st. ',` san francisco ',415-989-7154,` french ( new ) ',106
146,0,` border grill ',' 4th st. ',` los angeles ',310/451 -1655,mexican,116,` roosevelt tamale parlor ',' 2817 24th st. ',` san francisco ',415-550-9213,mexican,742
147,0,` cafe ritz-carlton buckhead ',' 3434 peachtree rd. ',atlanta,404/237 -2700,` ext 6108 international ',89,` la grotta ',' 2637 peachtree rd. ne ',atlanta,404-231-1368,italian,85
148,0,` vivande porta via ',' 2125 fillmore st. ',` san francisco ',415/346 -4430,italian,524,` plumpjack cafe ',' 3127 fillmore st. ',` san francisco ',415-563-4755,` american ( new ) ',108
149,1,pisces,'95 ave. a at 6th st. ',` new york ',212/260 -6660,seafood,54,pisces,'95 ave. a ',` new york city ',212-260-6660,seafood,54
150,0,` le chardonnay ',' 8284 melrose ave. ',` los angeles ',213/655 -8880,french,12,citrus,' 6703 melrose ave. ',` los angeles ',213-857-0034,californian,6
151,0,bruno,' 240 e. 58th st. ',` new york ',212/688 -4190,italian,195,lutece,' 249 e. 50th st. ',` new york city ',212-752-2225,` french ( classic ) ',44
152,0,march,' 405 e. 58th st. ',` new york ',212/754 -6272,american,46,` shun lee palace ',' 155 e. 55th st. ',` new york city ',212-371-8844,chinese,60
153,0,toulouse,' b peachtree rd. ',atlanta,404/351 -9533,french,92,abruzzi,' 2355 peachtree rd. ne ',atlanta,404-261-8186,italian,74
154,0,` yolie \ 's ',' 3900 paradise rd. ',` las vegas ',702/794 -0700,` steak houses ',452,` le montrachet bistro ',' 3000 paradise rd. ',` las vegas ',702-732-5651,` french bistro ',69
155,0,` chin \ 's ',' 3200 las vegas blvd. s ',` las vegas ',702/733 -8899,asian,67,` madame ching \ 's ',' 3300 las vegas blvd. s. ',` las vegas ',702-894-7111,asian,662
156,1,granita,' 23725 w. malibu rd. ',malibu,310/456 -0488,californian,8,granita,' 23725 w. malibu rd. ',malibu,310-456-0488,californian,8
157,1,` l \ ` orangerie ',' 903 n. la cienega blvd. ',` los angeles ',310/652 -9770,french,11,` l \ ` orangerie ',' 903 n. la cienega blvd. ',` w. hollywood ',310-652-9770,` french ( classic ) ',11
158,1,` georgia grille ',' 2290 peachtree rd. . peachtree square shopping center ',atlanta,404/352 -3517,american,81,` georgia grille ',' 2290 peachtree rd. ',atlanta,404-352-3517,southwestern,81
159,0,` camille \ 's ',' 1186 n. highland ave. ',atlanta,404/872 -7203,italian,388,` uncle bill \ 's pancake house ',' 1305 highland ave. ',` manhattan beach ',310-545-5177,diners,599
160,0,` antonio \ 's ',' 3700 w. flamingo ',` las vegas ',702/252 -7737,italian,423,` fiore rotisserie & grille ',' 3700 w. flamingo rd. ',` las vegas ',702-252-7702,italian,660
161,0,bistango,' 1100 peachtree st. ',atlanta,404/724 -0901,mediterranean,386,` ritz-carlton restaurant ',' 181 peachtree st. ',atlanta,404-659-0400,` french ( classic ) ',91
162,0,` cafe roma ',' 3570 las vegas blvd. s ',` las vegas ',702/731 -7547,` coffee shops/diners ',433,` chin \ 's ',' 3200 las vegas blvd. s. ',` las vegas ',702-733-8899,chinese,67
163,0,` ralph \ 's diner ',' 3000 las vegas blvd. s ',` las vegas ',702/732 -6330,` coffee shops/diners ',448,` michael \ 's ( las vegas ) ',' 3595 las vegas blvd. s. ',` las vegas ',702-737-7111,continental,664
164,0,helmand,' 430 broadway ',` san francisco ',415/362 -0641,` greek and middle eastern ',479,` carmine \ 's ',' 2450 broadway ',` new york city ',212-362-2200,italian,28
165,0,mikado,' 3400 las vegas blvd. s ',` las vegas ',702/791 -7111,asian,446,` michael \ 's ( las vegas ) ',' 3595 las vegas blvd. s. ',` las vegas ',702-737-7111,continental,664
166,1,lulu,' 816 folsom st. ',` san francisco ',415/495 -5775,mediterranean,105,` lulu restaurant-bis-cafe ',' 816 folsom st. ',` san francisco ',415-495-5775,mediterranean,105
167,0,` the bacchanal ',' 3570 las vegas blvd. s ',` las vegas ',702/731 -7525,` only in las vegas ',449,` buccaneer bay club ',' 3300 las vegas blvd. s. ',` las vegas ',702-894-7350,continental,657
168,0,` le marais ',' 150 w. 46th st. ',` new york ',212/869 -0900,american,290,` virgil \ 's real bbq ',' 152 w. 44th st. ',` new york city ',212-921-9494,bbq,66
169,0,` le chantilly ',' 106 e. 57th st. ',` new york ',212/751 -2931,french,285,yama,' 122 e. 17th st. ',` new york city ',212-475-0969,japanese,654
170,0,` pano \ 's and paul \ 's ',' 1232 w. paces ferry rd. ',atlanta,404/261 -3662,international,88,' 103 west ',' 103 w. paces ferry rd. ',atlanta,404-233-5993,continental,675
171,0,` ralph \ 's diner ',' 3000 las vegas blvd. s ',` las vegas ',702/732 -6330,` coffee shops/diners ',448,` sterling brunch ',' 3645 las vegas blvd. s. ',` las vegas ',702-739-4651,eclectic,673
172,0,` tadich grill ',' 240 california st. ',` san francisco ',415/391 -2373,seafood,519,aqua,' 252 california st. ',` san francisco ',415-956-9662,` american ( new ) ',95
173,0,sanppo,' 1702 post st. ',` san francisco ',415/346 -3486,asian,510,postrio,' 545 post st. ',` san francisco ',415-776-7825,californian,109
174,1,` restaurant katsu ',' 1972 n. hillhurst ave. ',` los angeles ',213/665 -1891,asian,10,katsu,' 1972 hillhurst ave. ',` los feliz ',213-665-1891,japanese,10
175,0,petrossian,' 182 w. 58th st. ',` new york ',212/245 -2214,french,52,felidia,' 243 e. 58th st. ',` new york city ',212-758-1479,italian,33
176,0,` zuni cafe & grill ',' 1658 market st. ',` san francisco ',415/552 -2522,mediterranean,532,` cafe flore ',' 2298 market st. ',` san francisco ',415-621-8579,californian,722
177,0,` la folie ',' 2316 polk st. ',` san francisco ',415/776 -5577,french,104,` swan oyster depot ',' 1517 polk st. ',` san francisco ',415-673-1101,seafood,746
178,0,bistro,' 3400 las vegas blvd. s ',` las vegas ',702/791 -7111,continental,429,` michael \ 's ( las vegas ) ',' 3595 las vegas blvd. s. ',` las vegas ',702-737-7111,continental,664
179,0,` virgil \ 's ',' 152 w. 44th st. ',` new york ',' 212 / 921-9494 ',american,66,` les celebrites ',' 155 w. 58th st. ',` new york city ',212-484-5113,` french ( classic ) ',42
180,0,` virgil \ 's ',' 152 w. 44th st. ',` new york ',' 212 / 921-9494 ',american,66,petrossian,' 182 w. 58th st. ',` new york city ',212-245-2214,russian,52
181,0,abbey,' 163 ponce de leon ave. ',atlanta,404/876 -8532,international,379,tortillas,' 774 ponce de leon ave. ne ',atlanta,404-892-0193,tex-mex,716
182,0,` restaurant ritz-carlton atlanta ',' 181 peachtree st. ',atlanta,404/659 -0400,continental,91,` morton \ 's of chicago ( atlanta ) ',' 303 peachtree st. ne ',atlanta,404-577-4366,steakhouses,704
183,0,` bertolini \ 's ',' 3570 las vegas blvd. s ',` las vegas ',702/735 -4663,italian,427,` tre visi ',' 3799 las vegas blvd. s. ',` las vegas ',702-891-7331,italian,674
184,0,` mon kee seafood restaurant ',' 679 n. spring st. ',` los angeles ',213/628 -6717,asian,147,` lombardi \ 's ','32 spring st. ',` new york city ',212-941-7994,pizza,625
185,0,lespinasse,' 2 e. 55th st. ',` new york ',212/339 -6719,american,43,felidia,' 243 e. 58th st. ',` new york city ',212-758-1479,italian,33
186,0,posto,' 14928 ventura blvd. ',` sherman oaks ',818/784 -4400,italian,156,` art \ 's deli ',' 12224 ventura blvd. ',` studio city ',818-762-1221,delis,1
187,0,toulouse,' b peachtree rd. ',atlanta,404/351 -9533,french,92,` ritz-carlton cafe ( buckhead ) ',' 3434 peachtree rd. ne ',atlanta,404-237-2700,` american ( new ) ',89
188,0,` bone \ 's ',' 3130 piedmont road ',atlanta,404/237 -2663,american,76,` rae \ 's ',' 2901 pico blvd. ',` santa monica ',310-828-7937,diners,589
189,0,` the palm ',' 9001 santa monica blvd. ',` los angeles ',310/550 -8811,american,15,` la cachette ',' 10506 little santa monica blvd. ',` century city ',310-470-4992,` french ( new ) ',568
190,0,` le perigord ',' 405 e. 52nd st. ',` new york ',212/755 -6244,french,291,` four seasons ','99 e. 52nd st. ',` new york city ',212-754-9494,` american ( new ) ',34
191,1,aquavit,'13 w. 54th st. ',` new york ',212/307 -7311,continental,24,aquavit,'13 w. 54th st. ',` new york city ',212-307-7311,scandinavian,24
192,0,bistro,' 3400 las vegas blvd. s ',` las vegas ',702/791 -7111,continental,429,` coyote cafe ( las vegas ) ',' 3799 las vegas blvd. s. ',` las vegas ',702-891-7349,southwestern,68
193,0,` pinot bistro ',' 12969 ventura blvd. ',` los angeles ',818/990 -0500,french,18,` sushi nozawa ',' 11288 ventura blvd. ',` studio city ',818-508-7017,japanese,595
194,0,` carnival world ',' 3700 w. flamingo rd. ',` las vegas ',702/252 -7777,buffets,435,` buzio \ 's in the rio ',' 3700 w. flamingo rd. ',` las vegas ',702-252-7697,seafood,658
195,1,fenix,' 8358 sunset blvd. west ',hollywood,213/848 -6677,american,7,` fenix at the argyle ',' 8358 sunset blvd. ',` w. hollywood ',213-848-6677,` french ( new ) ',7
196,0,` yolie \ 's ',' 3900 paradise rd. ',` las vegas ',702/794 -0700,` steak houses ',452,` rae \ 's ',' 2901 pico blvd. ',` santa monica ',310-828-7937,diners,589
197,0,` luna si ',' 1931 peachtree rd. ',atlanta,404/355 -5993,continental,405,` palm the ( atlanta ) ',' 3391 peachtree rd. ne ',atlanta,404-814-1955,steakhouses,709
198,0,` la reserve ',' 4 w. 49th st. ',` new york ',212/247 -2993,french,281,` wollensky \ 's grill ',' 205 e. 49th st. ',` new york city ',212-753-0444,steakhouses,653
199,0,` le colonial ',' 149 e. 57th st. ',` new york ',' 212 / 752-0808 ',asian,286,` shun lee palace ',' 155 e. 55th st. ',` new york city ',212-371-8844,chinese,60
200,0,` pinot bistro ',' 12969 ventura blvd. ',` los angeles ',818/990 -0500,french,18,` cafe bizou ',' 14016 ventura blvd. ',` sherman oaks ',818-788-3536,` french bistro ',3
201,0,` gallagher \ 's ',' 228 w. 52nd st. ',` new york ',212/245 -5336,american,254,` edison cafe ',' 228 w. 47th st. ',` new york city ',212-840-5000,diners,611
202,0,` le marais ',' 150 w. 46th st. ',` new york ',212/869 -0900,american,290,` les celebrites ',' 155 w. 58th st. ',` new york city ',212-484-5113,` french ( classic ) ',42
203,0,` margarita \ 's mexican cantina ',' 3120 las vegas blvd. s ',` las vegas ',702/794 -8200,mexican,444,` tre visi ',' 3799 las vegas blvd. s. ',` las vegas ',702-891-7331,italian,674
204,0,` border grill ',' 4th st. ',` los angeles ',310/451 -1655,mexican,116,` water grill ',' 544 s. grand ave. ',` los angeles ',213-891-0900,seafood,600
205,0,'em press court ',' 3570 las vegas blvd. s ',` las vegas ',702/731 -7888,asian,438,moongate,' 3400 las vegas blvd. s. ',` las vegas ',702-791-7352,chinese,666
206,0,` cafe michelle ',' 1350 e. flamingo rd. ',` las vegas ',702/735 -8686,american,432,` buzio \ 's in the rio ',' 3700 w. flamingo rd. ',` las vegas ',702-252-7697,seafood,658
207,0,` the bacchanal ',' 3570 las vegas blvd. s ',` las vegas ',702/731 -7525,` only in las vegas ',449,'em eril \ 's new orleans fish house ',' 3799 las vegas blvd. s. ',` las vegas ',702-891-7374,seafood,659
208,0,mikado,' 3400 las vegas blvd. s ',` las vegas ',702/791 -7111,asian,446,` chin \ 's ',' 3200 las vegas blvd. s. ',` las vegas ',702-733-8899,chinese,67
209,0,` steak house ',' 2880 las vegas blvd. s ',` las vegas ',702/734 -0410,` steak houses ',72,` steakhouse the ',' 128 e. fremont st. ',` las vegas ',702-382-1600,steakhouses,671
210,1,` rose pistola ',' 532 columbus ave. ',` san francisco ',415/399 -0499,italian,111,` rose pistola ',' 532 columbus ave. ',` san francisco ',415-399-0499,italian,111
211,1,` la cote basque ','60 w. 55th st. between 5th and 6th ave. ',` new york ',212/688 -6525,french,40,` la cote basque ','60 w. 55th st. ',` new york city ',212-688-6525,` french ( classic ) ',40
212,0,` ernie \ 's ',' 2150 broadway between 75th and 76th sts . ',` new york ',212/496 -1588,american,234,` joe \ 's ',' 1023 abbot kinney blvd. ',venice,310-399-5811,` american ( new ) ',560
213,1,` le chardonnay ',' 8284 melrose ave. ',` los angeles ',213/655 -8880,french,12,` le chardonnay ( los angeles ) ',' 8284 melrose ave. ',` los angeles ',213-655-8880,` french bistro ',12
214,0,` kabuto sushi ',' 5116 geary blvd. ',` san francisco ',415/752 -5652,asian,486,` khan toke thai house ',' 5937 geary blvd. ',` san francisco ',415-668-6654,thai,103
215,0,` le perigord ',' 405 e. 52nd st. ',` new york ',212/755 -6244,french,291,march,' 405 e. 58th st. ',` new york city ',212-754-6272,` american ( new ) ',46
216,0,'em press court ',' 3570 las vegas blvd. s ',` las vegas ',702/731 -7888,asian,438,'em eril \ 's new orleans fish house ',' 3799 las vegas blvd. s. ',` las vegas ',702-891-7374,seafood,659
217,0,` manhattan ocean club ','57 w. 58th st. ',` new york ',' 212 / 371-7777 ',seafood,45,petrossian,' 182 w. 58th st. ',` new york city ',212-245-2214,russian,52
218,0,` coyote cafe ',' 3799 las vegas blvd. s ',` las vegas ',702/891 -7349,southwestern,68,moongate,' 3400 las vegas blvd. s. ',` las vegas ',702-791-7352,chinese,666
219,0,` des alpes ',' 732 broadway ',` san francisco ',415/788 -9900,french,468,` peter luger steak house ',' 178 broadway ',brooklyn,718-387-7400,steakhouses,637
220,0,` lincoln tavern ','51 w. 64th st. ',` new york ',212/721 -8271,american,294,` cafe des artistes ',' 1 w. 67th st. ',` new york city ',212-877-3500,` french ( classic ) ',27
221,0,` bertolini \ 's ',' 3570 las vegas blvd. s ',` las vegas ',702/735 -4663,italian,427,` palace court ',' 3570 las vegas blvd. s. ',` las vegas ',702-731-7110,` french ( new ) ',70
222,0,` indigo coastal grill ',' 1397 n. highland ave. ',atlanta,404/876 -0676,caribbean,84,` uncle bill \ 's pancake house ',' 1305 highland ave. ',` manhattan beach ',310-545-5177,diners,599
223,0,` dante \ 's down the hatch buckhead ',' 3380 peachtree rd. ',atlanta,404/266 -1600,continental,393,` ritz-carlton cafe ( buckhead ) ',' 3434 peachtree rd. ne ',atlanta,404-237-2700,` american ( new ) ',89
224,0,` art \ 's delicatessen ',' 12224 ventura blvd. ',` studio city ',818/762 -1221,american,1,` pinot bistro ',' 12969 ventura blvd. ',` studio city ',818-990-0500,` french bistro ',18
225,0,` cafe adriano ',' 3347 fillmore st. ',` san francisco ',415/474 -4180,italian,461,` trio cafe ',' 1870 fillmore st. ',` san francisco ',415-563-2248,american,749
226,0,tomtom,' 3393 peachtree rd. ',atlanta,404/264 -1163,continental,422,` georgia grille ',' 2290 peachtree rd. ',atlanta,404-352-3517,southwestern,81
227,0,` coyote cafe ',' 3799 las vegas blvd. s ',` las vegas ',702/891 -7349,southwestern,68,` tre visi ',' 3799 las vegas blvd. s. ',` las vegas ',702-891-7331,italian,674
228,0,` bone \ 's ',' 3130 piedmont road ',atlanta,404/237 -2663,american,76,` duke \ 's ',' 8909 sunset blvd. ',` w. hollywood ',310-652-3100,` coffee shops ',551
229,0,` gallagher \ 's ',' 228 w. 52nd st. ',` new york ',212/245 -5336,american,254,'21 club ','21 w. 52nd st. ',` new york city ',212-582-7200,` american ( new ) ',23
230,0,mikado,' 3400 las vegas blvd. s ',` las vegas ',702/791 -7111,asian,446,'em eril \ 's new orleans fish house ',' 3799 las vegas blvd. s. ',` las vegas ',702-891-7374,seafood,659
231,0,` the palm ',' 9001 santa monica blvd. ',` los angeles ',310/550 -8811,american,15,` cafe blanc ',' 9777 little santa monica blvd. ',` beverly hills ',310-888-0108,` pacific new wave ',546
232,0,` restaurant ritz-carlton atlanta ',' 181 peachtree st. ',atlanta,404/659 -0400,continental,91,` ritz-carlton cafe ( atlanta ) ',' 181 peachtree st. ',atlanta,404-659-0400,` american ( new ) ',711
233,1,` brasserie le coze ',' 3393 peachtree rd. . lenox square mall near neiman marcus ',atlanta,404/266 -1440,french,77,` brasserie le coze ',' 3393 peachtree rd. ',atlanta,404-266-1440,` french bistro ',77
234,0,` margarita \ 's mexican cantina ',' 3120 las vegas blvd. s ',` las vegas ',702/794 -8200,mexican,444,` sterling brunch ',' 3645 las vegas blvd. s. ',` las vegas ',702-739-4651,eclectic,673
235,0,dawat,' 210 e. 58th st. ',` new york ',212/355 -7555,asian,32,lutece,' 249 e. 50th st. ',` new york city ',212-752-2225,` french ( classic ) ',44
236,0,` union square cafe ','21 e. 16th st. ',` new york ',212/243 -4020,american,65,arcadia,'21 e. 62nd st. ',` new york city ',212-223-2900,` american ( new ) ',603
237,1,patina,' 5955 melrose ave. ',` los angeles ',213/467 -1108,californian,16,patina,' 5955 melrose ave. ',` los angeles ',213-467-1108,californian,16
238,0,` restaurant ritz-carlton atlanta ',' 181 peachtree st. ',atlanta,404/659 -0400,continental,91,` alon \ 's at the terrace ',' 659 peachtree st. ',atlanta,404-724-0444,sandwiches,676
239,0,` art \ 's delicatessen ',' 12224 ventura blvd. ',` studio city ',818/762 -1221,american,1,` cafe bizou ',' 14016 ventura blvd. ',` sherman oaks ',818-788-3536,` french bistro ',3
240,0,` dining room ritz-carlton buckhead ',' 3434 peachtree rd. ',atlanta,404/237 -2700,international,90,nava,' 3060 peachtree rd. ',atlanta,404-240-1984,southwestern,706
241,0,` chin \ 's ',' 3200 las vegas blvd. s ',` las vegas ',702/733 -8899,asian,67,` sterling brunch ',' 3645 las vegas blvd. s. ',` las vegas ',702-739-4651,eclectic,673
242,0,` cafe roma ',' 3570 las vegas blvd. s ',` las vegas ',702/731 -7547,` coffee shops/diners ',433,` coyote cafe ( las vegas ) ',' 3799 las vegas blvd. s. ',` las vegas ',702-891-7349,southwestern,68
243,0,` palace court ',' 3570 las vegas blvd. s ',` las vegas ',702/731 -7547,continental,70,` monte carlo ',' 3145 las vegas blvd. s. ',` las vegas ',702-733-4524,` french ( new ) ',665
244,0,'21 club ','21 w. 52nd st. ',` new york ',212/582 -7200,american,23,arcadia,'21 e. 62nd st. ',` new york city ',212-223-2900,` american ( new ) ',603
245,0,` arnie morton \ 's of chicago ',' 435 s. la cienega blv . ',` los angeles ',310/246 -1501,american,0,` morton \ 's of chicago ( las vegas ) ',' 3200 las vegas blvd. s. ',` las vegas ',702-893-0703,steakhouses,667
246,0,chiam,' 160 e. 48th st. ',` new york ',212/371 -2323,asian,218,dawat,' 210 e. 58th st. ',` new york city ',212-355-7555,indian,32
247,0,tomtom,' 3393 peachtree rd. ',atlanta,404/264 -1163,continental,422,` ritz-carlton cafe ( buckhead ) ',' 3434 peachtree rd. ne ',atlanta,404-237-2700,` american ( new ) ',89
248,0,` des alpes ',' 732 broadway ',` san francisco ',415/788 -9900,french,468,` pho hoa ',' 642 broadway ',chinatown,213-626-5530,vietnamese,585
249,0,` camille \ 's ',' 1186 n. highland ave. ',atlanta,404/872 -7203,italian,388,` indigo coastal grill ',' 1397 n. highland ave. ',atlanta,404-876-0676,eclectic,84
250,0,` cafe adriano ',' 3347 fillmore st. ',` san francisco ',415/474 -4180,italian,461,` plumpjack cafe ',' 3127 fillmore st. ',` san francisco ',415-563-4755,` american ( new ) ',108
251,1,` cafe lalo ',' 201 w. 83rd st. ',` new york ',212/496 -6031,` coffee bar ',26,` cafe lalo ',' 201 w. 83rd st. ',` new york city ',212-496-6031,coffeehouses,26
252,0,` the bacchanal ',' 3570 las vegas blvd. s ',` las vegas ',702/731 -7525,` only in las vegas ',449,` sterling brunch ',' 3645 las vegas blvd. s. ',` las vegas ',702-739-4651,eclectic,673
253,0,` margarita \ 's mexican cantina ',' 3120 las vegas blvd. s ',` las vegas ',702/794 -8200,mexican,444,` palace court ',' 3570 las vegas blvd. s. ',` las vegas ',702-731-7110,` french ( new ) ',70
254,0,` shun lee west ','43 w. 65th st. ',` new york ',212/371 -8844,asian,60,` john \ 's pizzeria ','48 w. 65th st. ',` new york city ',212-721-7001,pizza,618
255,0,` chin \ 's ',' 3200 las vegas blvd. s ',` las vegas ',702/733 -8899,asian,67,` buccaneer bay club ',' 3300 las vegas blvd. s. ',` las vegas ',702-894-7350,continental,657
256,0,felidia,' 243 e. 58th st. ',` new york ',212/758 -1479,italian,33,lutece,' 249 e. 50th st. ',` new york city ',212-752-2225,` french ( classic ) ',44
257,0,` chin \ 's ',' 3200 las vegas blvd. s ',` las vegas ',702/733 -8899,asian,67,` morton \ 's of chicago ( las vegas ) ',' 3200 las vegas blvd. s. ',` las vegas ',702-893-0703,steakhouses,667
258,0,` art \ 's delicatessen ',' 12224 ventura blvd. ',` studio city ',818/762 -1221,american,1,` mulberry st. ',' 17040 ventura blvd. ',encino,818-906-8881,pizza,580
259,0,` sea grill ','19 w. 49th st. ',` new york ',212/332 -7610,seafood,345,` mesa grill ',' 102 fifth ave. ',` new york city ',212-807-7400,southwestern,47
260,0,` smith & wollensky ',' 201 e. 49th st. ',` new york ',212/753 -1530,american,62,` sparks steak house ',' 210 e. 46th st. ',` new york city ',212-687-4855,steakhouses,641
261,0,` rex il ristorante ',' 617 s. olive st. ',` los angeles ',213/627 -2300,italian,19,` bernard \ 's ',' 515 s. olive st. ',` los angeles ',213-612-1580,continental,539
262,0,` bertolini \ 's ',' 3570 las vegas blvd. s ',` las vegas ',702/735 -4663,italian,427,` steak house the ',' 2880 las vegas blvd. s. ',` las vegas ',702-734-0410,steakhouses,72
263,0,` cafe pierre ',' 2 e. 61st st. ',` new york ',212/940 -8185,french,203,` cafe flore ',' 2298 market st. ',` san francisco ',415-621-8579,californian,722
264,0,` le jardin ','25 cleveland pl . near spring st. ',` new york ',212/343 -9599,french,288,` le bernardin ',' 155 w. 51st st. ',` new york city ',212-489-1515,seafood,41
265,0,` gianni \ 's ','15 fulton st. ',` new york ',212/608 -7300,seafood,255,` patsy \ 's pizza ','19 old fulton st. ',brooklyn,718-858-4300,pizza,636
266,0,vong,' 200 e. 54th st. ',` new york ',212/486 -9592,american,373,` jo jo ',' 160 e. 64th st. ',` new york city ',212-223-5656,` french bistro ',38
267,0,` planet hollywood ',' 140 w. 57th st. ',` new york ',212/333 -7827,american,328,` les celebrites ',' 155 w. 58th st. ',` new york city ',212-484-5113,` french ( classic ) ',42
268,0,` le chardonnay ',' 8284 melrose ave. ',` los angeles ',213/655 -8880,french,12,patina,' 5955 melrose ave. ',` los angeles ',213-467-1108,californian,16
269,0,` chin \ 's ',' 3200 las vegas blvd. s ',` las vegas ',702/733 -8899,asian,67,` steak house the ',' 2880 las vegas blvd. s. ',` las vegas ',702-734-0410,steakhouses,72
270,0,` dining room ritz-carlton buckhead ',' 3434 peachtree rd. ',atlanta,404/237 -2700,international,90,` georgia grille ',' 2290 peachtree rd. ',atlanta,404-352-3517,southwestern,81
271,1,'21 club ','21 w. 52nd st. ',` new york ',212/582 -7200,american,23,'21 club ','21 w. 52nd st. ',` new york city ',212-582-7200,` american ( new ) ',23
272,0,` bally \ 's big kitchen ',' 3645 las vegas blvd. s ',` las vegas ',702/739 -4111,buffets,424,` tre visi ',' 3799 las vegas blvd. s. ',` las vegas ',702-891-7331,italian,674
273,0,` hard rock cafe ',' 8600 beverly blvd. ',` los angeles ',310/276 -7605,american,137,` jan \ 's family restaurant ',' 8424 beverly blvd. ',la,213-651-2866,` coffee shops ',557
274,0,` california pizza kitchen ',' 207 s. beverly dr. ',` los angeles ',310/275 -1101,californian,121,` ruth \ 's chris steak house ( los angeles ) ',' 224 s. beverly dr. ',` beverly hills ',310-859-8744,steakhouses,593
275,1,matsuhisa,' 129 n. la cienega blvd. ',` beverly hills ',310/659 -9639,asian,14,matsuhisa,' 129 n. la cienega blvd. ',` beverly hills ',310-659-9639,seafood,14
276,1,` steak house ',' 2880 las vegas blvd. s ',` las vegas ',702/734 -0410,` steak houses ',72,` steak house the ',' 2880 las vegas blvd. s. ',` las vegas ',702-734-0410,steakhouses,72
277,0,` cafe ritz-carlton buckhead ',' 3434 peachtree rd. ',atlanta,404/237 -2700,` ext 6108 international ',89,` georgia grille ',' 2290 peachtree rd. ',atlanta,404-352-3517,southwestern,81
278,0,` california culinary academy ',' 625 polk st. ',` san francisco ',415/771 -3500,french,463,` la folie ',' 2316 polk st. ',` san francisco ',415-776-5577,` french ( new ) ',104
279,0,` steak house ',' 2880 las vegas blvd. s ',` las vegas ',702/734 -0410,` steak houses ',72,` tre visi ',' 3799 las vegas blvd. s. ',` las vegas ',702-891-7331,italian,674
280,0,` osteria al droge ',' 142 w. 44th st. ',` new york ',212/944 -3643,italian,317,petrossian,' 182 w. 58th st. ',` new york city ',212-245-2214,russian,52
281,1,` pano \ 's and paul \ 's ',' 1232 w. paces ferry rd. ',atlanta,404/261 -3662,international,88,` pano \ 's & paul \ 's ',' 1232 w. paces ferry rd. ',atlanta,404-261-3662,` american ( new ) ',88
282,0,` margarita \ 's mexican cantina ',' 3120 las vegas blvd. s ',` las vegas ',702/794 -8200,mexican,444,` buccaneer bay club ',' 3300 las vegas blvd. s. ',` las vegas ',702-894-7350,continental,657
283,0,feast,' 2411 w. sahara ave. ',` las vegas ',702/367 -2411,buffets,439,` mayflower cuisinier ',' 4750 w. sahara ave. ',` las vegas ',702-870-8432,chinese,663
284,0,` planet hollywood ',' 140 w. 57th st. ',` new york ',212/333 -7827,american,328,petrossian,' 182 w. 58th st. ',` new york city ',212-245-2214,russian,52
285,0,` tommy tang \ 's ',' 7313 melrose ave. ',` los angeles ',213/937 -5733,asian,167,` mo better meatty meat ',' 7261 melrose ave. ',la,213-935-5280,hamburgers,579
286,0,` le chantilly ',' 106 e. 57th st. ',` new york ',212/751 -2931,french,285,` shun lee palace ',' 155 e. 55th st. ',` new york city ',212-371-8844,chinese,60
287,0,palisades,' 1829 peachtree rd. ',atlanta,404/350 -6755,continental,410,` palm the ( atlanta ) ',' 3391 peachtree rd. ne ',atlanta,404-814-1955,steakhouses,709
288,0,orso,' 322 w. 46th st. ',` new york ',212/489 -7212,italian,316,` virgil \ 's real bbq ',' 152 w. 44th st. ',` new york city ',212-921-9494,bbq,66
289,0,` plumpjack cafe ',' 3201 fillmore st. ',` san francisco ',415/563 -4755,mediterranean,108,` trio cafe ',' 1870 fillmore st. ',` san francisco ',415-563-2248,american,749
290,0,lespinasse,' 2 e. 55th st. ',` new york ',212/339 -6719,american,43,` la cote basque ','60 w. 55th st. ',` new york city ',212-688-6525,` french ( classic ) ',40
291,0,` r.j. \ 's uptown kitchen & wine bar ',' 870 n. highland ave. ',atlanta,404/875 -7775,american,413,` uncle bill \ 's pancake house ',' 1305 highland ave. ',` manhattan beach ',310-545-5177,diners,599
292,0,helmand,' 430 broadway ',` san francisco ',415/362 -0641,` greek and middle eastern ',479,` peter luger steak house ',' 178 broadway ',brooklyn,718-387-7400,steakhouses,637
293,0,orleans,' 11705 national blvd. ',` los angeles ',310/479 -4187,cajun,152,` indo cafe ',' 10428 1/2 national blvd. ',la,310-815-1290,indonesian,556
294,0,` margarita \ 's mexican cantina ',' 3120 las vegas blvd. s ',` las vegas ',702/794 -8200,mexican,444,'em eril \ 's new orleans fish house ',' 3799 las vegas blvd. s. ',` las vegas ',702-891-7374,seafood,659
295,0,palio,' 151 w. 51st . st. ',` new york ',212/245 -4850,italian,320,` le bernardin ',' 155 w. 51st st. ',` new york city ',212-489-1515,seafood,41
296,0,` the bacchanal ',' 3570 las vegas blvd. s ',` las vegas ',702/731 -7525,` only in las vegas ',449,` coyote cafe ( las vegas ) ',' 3799 las vegas blvd. s. ',` las vegas ',702-891-7349,southwestern,68
297,0,2223,' 2223 market st. ',` san francisco ',415/431 -0692,american,453,` cafe flore ',' 2298 market st. ',` san francisco ',415-621-8579,californian,722
